{
    "anvil_cost": 0,
    "description": "",
    "max_cost": {
        "base": 255,
        "per_level_above_first": 255
    },
    "max_level": 1,
    "min_cost": {
        "base": 255,
        "per_level_above_first": 255
    },
    "slots": [
        "body",
        "feet"
    ],
    "supported_items": "#hvr:all",
    "weight": 1,
    "effects": {
        "prevent_equipment_drop": {},
        "damage_immunity": [
            {
                "effect": {},
                "requirements": {
                    "condition": "damage_source_properties",
                    "predicate": {
                        "tags": [
                            {
                                "id": "hvr:asset/mob/creeper/creeper_immune_to",
                                "expected": true
                            }
                        ]
                    }
                }
            }
        ]
    }
}