{
    "criteria": {
        "0-0": {
            "trigger": "player_hurt_entity",
            "conditions": {
                "entity": {
                    "nbt": "{Tags:[\"hvr.mob_id_bit_0.0\"]}"
                }
            }
        },
        "0-1": {
            "trigger": "player_hurt_entity",
            "conditions": {
                "entity": {
                    "nbt": "{Tags:[\"hvr.mob_id_bit_0.1\"]}"
                }
            }
        },
        "1-0": {
            "trigger": "player_hurt_entity",
            "conditions": {
                "entity": {
                    "nbt": "{Tags:[\"hvr.mob_id_bit_1.0\"]}"
                }
            }
        },
        "1-1": {
            "trigger": "player_hurt_entity",
            "conditions": {
                "entity": {
                    "nbt": "{Tags:[\"hvr.mob_id_bit_1.1\"]}"
                }
            }
        },
        "2-0": {
            "trigger": "player_hurt_entity",
            "conditions": {
                "entity": {
                    "nbt": "{Tags:[\"hvr.mob_id_bit_2.0\"]}"
                }
            }
        },
        "2-1": {
            "trigger": "player_hurt_entity",
            "conditions": {
                "entity": {
                    "nbt": "{Tags:[\"hvr.mob_id_bit_2.1\"]}"
                }
            }
        },
        "3-0": {
            "trigger": "player_hurt_entity",
            "conditions": {
                "entity": {
                    "nbt": "{Tags:[\"hvr.mob_id_bit_3.0\"]}"
                }
            }
        },
        "3-1": {
            "trigger": "player_hurt_entity",
            "conditions": {
                "entity": {
                    "nbt": "{Tags:[\"hvr.mob_id_bit_3.1\"]}"
                }
            }
        },
        "4-0": {
            "trigger": "player_hurt_entity",
            "conditions": {
                "entity": {
                    "nbt": "{Tags:[\"hvr.mob_id_bit_4.0\"]}"
                }
            }
        },
        "4-1": {
            "trigger": "player_hurt_entity",
            "conditions": {
                "entity": {
                    "nbt": "{Tags:[\"hvr.mob_id_bit_4.1\"]}"
                }
            }
        },
        "5-0": {
            "trigger": "player_hurt_entity",
            "conditions": {
                "entity": {
                    "nbt": "{Tags:[\"hvr.mob_id_bit_5.0\"]}"
                }
            }
        },
        "5-1": {
            "trigger": "player_hurt_entity",
            "conditions": {
                "entity": {
                    "nbt": "{Tags:[\"hvr.mob_id_bit_5.1\"]}"
                }
            }
        },
        "6-0": {
            "trigger": "player_hurt_entity",
            "conditions": {
                "entity": {
                    "nbt": "{Tags:[\"hvr.mob_id_bit_6.0\"]}"
                }
            }
        },
        "6-1": {
            "trigger": "player_hurt_entity",
            "conditions": {
                "entity": {
                    "nbt": "{Tags:[\"hvr.mob_id_bit_6.1\"]}"
                }
            }
        },
        "7-0": {
            "trigger": "player_hurt_entity",
            "conditions": {
                "entity": {
                    "nbt": "{Tags:[\"hvr.mob_id_bit_7.0\"]}"
                }
            }
        },
        "7-1": {
            "trigger": "player_hurt_entity",
            "conditions": {
                "entity": {
                    "nbt": "{Tags:[\"hvr.mob_id_bit_7.1\"]}"
                }
            }
        },
        "8-0": {
            "trigger": "player_hurt_entity",
            "conditions": {
                "entity": {
                    "nbt": "{Tags:[\"hvr.mob_id_bit_8.0\"]}"
                }
            }
        },
        "8-1": {
            "trigger": "player_hurt_entity",
            "conditions": {
                "entity": {
                    "nbt": "{Tags:[\"hvr.mob_id_bit_8.1\"]}"
                }
            }
        },
        "9-0": {
            "trigger": "player_hurt_entity",
            "conditions": {
                "entity": {
                    "nbt": "{Tags:[\"hvr.mob_id_bit_9.0\"]}"
                }
            }
        },
        "9-1": {
            "trigger": "player_hurt_entity",
            "conditions": {
                "entity": {
                    "nbt": "{Tags:[\"hvr.mob_id_bit_9.1\"]}"
                }
            }
        },
        "10-0": {
            "trigger": "player_hurt_entity",
            "conditions": {
                "entity": {
                    "nbt": "{Tags:[\"hvr.mob_id_bit_10.0\"]}"
                }
            }
        },
        "10-1": {
            "trigger": "player_hurt_entity",
            "conditions": {
                "entity": {
                    "nbt": "{Tags:[\"hvr.mob_id_bit_10.1\"]}"
                }
            }
        },
        "11-0": {
            "trigger": "player_hurt_entity",
            "conditions": {
                "entity": {
                    "nbt": "{Tags:[\"hvr.mob_id_bit_11.0\"]}"
                }
            }
        },
        "11-1": {
            "trigger": "player_hurt_entity",
            "conditions": {
                "entity": {
                    "nbt": "{Tags:[\"hvr.mob_id_bit_11.1\"]}"
                }
            }
        },
        "12-0": {
            "trigger": "player_hurt_entity",
            "conditions": {
                "entity": {
                    "nbt": "{Tags:[\"hvr.mob_id_bit_12.0\"]}"
                }
            }
        },
        "12-1": {
            "trigger": "player_hurt_entity",
            "conditions": {
                "entity": {
                    "nbt": "{Tags:[\"hvr.mob_id_bit_12.1\"]}"
                }
            }
        },
        "13-0": {
            "trigger": "player_hurt_entity",
            "conditions": {
                "entity": {
                    "nbt": "{Tags:[\"hvr.mob_id_bit_13.0\"]}"
                }
            }
        },
        "13-1": {
            "trigger": "player_hurt_entity",
            "conditions": {
                "entity": {
                    "nbt": "{Tags:[\"hvr.mob_id_bit_13.1\"]}"
                }
            }
        },
        "14-0": {
            "trigger": "player_hurt_entity",
            "conditions": {
                "entity": {
                    "nbt": "{Tags:[\"hvr.mob_id_bit_14.0\"]}"
                }
            }
        },
        "14-1": {
            "trigger": "player_hurt_entity",
            "conditions": {
                "entity": {
                    "nbt": "{Tags:[\"hvr.mob_id_bit_14.1\"]}"
                }
            }
        },
        "15-0": {
            "trigger": "player_hurt_entity",
            "conditions": {
                "entity": {
                    "nbt": "{Tags:[\"hvr.mob_id_bit_15.0\"]}"
                }
            }
        },
        "15-1": {
            "trigger": "player_hurt_entity",
            "conditions": {
                "entity": {
                    "nbt": "{Tags:[\"hvr.mob_id_bit_15.1\"]}"
                }
            }
        },
        "type-melee": {
            "trigger": "player_hurt_entity",
            "conditions": {
                "damage": {
                    "type": {
                        "tags": [
                            {
                                "id": "hvr:is_melee",
                                "expected": true
                            }
                        ]
                    }
                }
            }
        },
        "type-projectile": {
            "trigger": "player_hurt_entity",
            "conditions": {
                "damage": {
                    "type": {
                        "tags": [
                            {
                                "id": "hvr:is_projectile",
                                "expected": true
                            }
                        ]
                    }
                }
            }
        },
        "type-explosion": {
            "trigger": "player_hurt_entity",
            "conditions": {
                "damage": {
                    "type": {
                        "tags": [
                            {
                                "id": "hvr:is_explosion",
                                "expected": true
                            }
                        ]
                    }
                }
            }
        },
        "type-other": {
            "trigger": "player_hurt_entity",
            "conditions": {
                "damage": {
                    "type": {
                        "tags": [
                            {
                                "id": "hvr:is_melee",
                                "expected": false
                            },
                            {
                                "id": "hvr:is_projectile",
                                "expected": false
                            },
                            {
                                "id": "hvr:is_explosion",
                                "expected": false
                            }
                        ]
                    }
                }
            }
        }
    },
    "requirements": [
        [
            "0-0",
            "0-1"
        ],
        [
            "1-0",
            "1-1"
        ],
        [
            "2-0",
            "2-1"
        ],
        [
            "3-0",
            "3-1"
        ],
        [
            "4-0",
            "4-1"
        ],
        [
            "5-0",
            "5-1"
        ],
        [
            "6-0",
            "6-1"
        ],
        [
            "7-0",
            "7-1"
        ],
        [
            "8-0",
            "8-1"
        ],
        [
            "9-0",
            "9-1"
        ],
        [
            "10-0",
            "10-1"
        ],
        [
            "11-0",
            "11-1"
        ],
        [
            "12-0",
            "12-1"
        ],
        [
            "13-0",
            "13-1"
        ],
        [
            "14-0",
            "14-1"
        ],
        [
            "15-0",
            "15-1"
        ],
        [
            "type-melee",
            "type-projectile",
            "type-explosion",
            "type-other"
        ]
    ],
    "rewards": {
        "function": "hvr:entity_manager/player/event/attack/on_attack_mob"
    }
}